{"version":7,"hash":{"type":"Buffer","data":"m8FN1fRA7ef7qzTFkZGYIkE7mALuJgHwyKoXe7D3NqehYpjVuRb9BbwlOlAdnDnQ3W6V1xYU09CjwhQxBqZ3S4Id+xcgpMG4UAtKH4vOmMAL8itMiDIglxpOEhjin934s6ewDB0NXIPrICyuBDtaIkslTGToeySZ09MiZ7y6UDU="},"indexValueMap":{"DBkiHHrJ1DEymH6pi9Vt5k83mlL7iCDzugHCBopSUnM=":{"valueMac":{"type":"Buffer","data":"p6YezfjjWAMwqUPjvyrUh2NboDLjS7EgVLkKBZKtDP4="}},"Lk8P1xAkRrZSPq9s5RkDpTs26+bT7wVoDNzZg4vtTOI=":{"valueMac":{"type":"Buffer","data":"lFvp/3RGWYmHjpbyPq5s4SI4ar5oxMaqyt+R2K9B7+o="}},"UoAR6Skdik3u7yp671Mdt2XIAvnls5DXsaLZeJctejo=":{"valueMac":{"type":"Buffer","data":"edOc8KMF0Qz806Dv6gNpcJzB98eg3Xk5gbn/0ilgJpw="}},"Z5M/ga0EPvXzDqNAN7E+dALtjaejYNqJrIZ3RPpmpJQ=":{"valueMac":{"type":"Buffer","data":"zngvekI1JZX6Ig8A25CBVUdLK4ihtfXtvS/qrEyPKaw="}},"9O/8Wv7F4I63OQoiO7X7FRBM2efrZTaddZoTaw/djfs=":{"valueMac":{"type":"Buffer","data":"A9iEUV3VvsQW1Y91qir0NLI2sckwiBxC+R4q7Vp1Y1U="}},"W15ZsameyeMFdvNBcujrNOPNhwMVhZGikMRotO2dPro=":{"valueMac":{"type":"Buffer","data":"IgnvjeHxUjB/zUbtAZJ7ykjKXHAhNWO2QdRLJasur8Q="}},"D6vtAz5njEG3vFmWgKH9FdpmfW582JJbI/B/XZKwMeI=":{"valueMac":{"type":"Buffer","data":"TGCOY/rbTNXfy06mONmWumlm+rZj/NxbQ54Djc6GN8o="}},"xvo4bpJAtcyO0I7ASL9x9sLAB6pL1aTEuC1mneI1ywI=":{"valueMac":{"type":"Buffer","data":"G5xPT1ltP4+nklgF0eLJeI+X4MGPUSxyr5VYMGGfCKg="}},"JKY7hd7CauIyIwmHFRIRfDw6MGPlaa7erBqrjh/Els0=":{"valueMac":{"type":"Buffer","data":"bm+x8LHmt2OUnRQJWALuJ7H11GB2OK3lJ5qdJPKioAM="}},"dJm1Wfvjlu40HHedpUDcgHKX/b8J01zV7PuaFjs4XAI=":{"valueMac":{"type":"Buffer","data":"fgA+ZOgFqST2pby28O2MfVdfhfUDZp7fuO0h2eEUDj4="}}}}