{"version":14,"hash":{"type":"Buffer","data":"P+pJ0MMOTXwzrS3F8imDewv7ZV859AfSpwAiKxvScvt/lWuWEtk+VTc+Jc0fvRtCye+K/ooof93cUDKtJNg1JYMRsC2MhggJLC4JvTULnlAo+erkMoxUcDAFRs3/Kofg22VbwcjyLs3sJViGxiyBwTcgfP167SfCjxLw4q5rnhk="},"indexValueMap":{"LAt1vTnMAmuEFX2uSDcdMHxKZ86Pi6jmA3OItd3tJs4=":{"valueMac":{"type":"Buffer","data":"60m9TuhdErkTvNGiPn7H4aii0cHmmzR7Vca7HrZGmgA="}},"SjRPT7E0MACAaAMDs2gv3xMAnDe6urAEQxXFbvHdL1E=":{"valueMac":{"type":"Buffer","data":"FHKX5jspDMjVkL98DjfY7giq+MO/xTnuyd9fVRtMtT8="}},"WgT/meUikWFp2N32wCUIffBRrfGUisqPA8b3Sa/78Mg=":{"valueMac":{"type":"Buffer","data":"P4xbjQCYU3b+JgTG/tFDpCuZbAZ1/psLzJ3vAqJD5bw="}},"eG/9KiH+Idic2JhcsQRUZ31NZvRqCrn0lhn36e1q2dk=":{"valueMac":{"type":"Buffer","data":"HyerekJYsmVHC7L8Km4fiIftYgxleYItCvV+TKGRaKQ="}},"g4z6ANQM2A2snDLCfrfg4R3pry/M/BaZZPqQVFwR394=":{"valueMac":{"type":"Buffer","data":"f/XjVvt2SQh9uuaXdIM5tmYASEzf1SAS+evTeU4WnxI="}},"lds1h4c4jt7/obIpS6dyWBObltpUBNcRgrHzWUz1O8k=":{"valueMac":{"type":"Buffer","data":"yKP5Jl2ZST9O4AABrazP7Bg7PMHdwGQXlau2wDu9cCE="}},"njqVPS3x9rkJO1JkBWhkVex93Wvbt6XeB5q82fj/Noo=":{"valueMac":{"type":"Buffer","data":"/he6tiLC5gEaxVMetnW7CCFgpP4GtTtoddmRkWK57VQ="}},"zMhDHWiElh73pLr2eNnkty1478xY23OI1P/TbYI/U9o=":{"valueMac":{"type":"Buffer","data":"eX91vTTkxgXD1WBWbCT+JunRK+vxMG6rURK+X55hzyY="}},"2OpN0msTS6l8WHM33OvDcuMTFVaF8fSw+rOp/tVk9hA=":{"valueMac":{"type":"Buffer","data":"CiIJLzewXphJj/Xf9ysjCI/9kbq0uQV6qwYMmZPtbdE="}},"4P3fHVG1ExzHWyGDheqCGhye6g8CiASyUxDQZvi+XQU=":{"valueMac":{"type":"Buffer","data":"guhknI7mW1HKz8ZztiAltFo9t1BEYfQJtiPvzOJTk9o="}},"a5hbAJ4kwo8x+ufzYcFTs2uQA0Vp1wBygSoxGxfj2bU=":{"valueMac":{"type":"Buffer","data":"9cWp62bY0nkr6Rw2bi4cu2VcemleZUyRinlDw0WPVA8="}},"FBBNOfU7zrBgFfm7rTOE9ZrISx2nssH8ifIfSC1FQHk=":{"valueMac":{"type":"Buffer","data":"BGXBhjBrz7GjRqLPE0F9DeMt+BPB7KQDbCl7PaquzZI="}},"423XeJREj8KhueMI4gHtJsAHrVfcxbmOvhy7rP99sXI=":{"valueMac":{"type":"Buffer","data":"muZ5DVBRuFH95VMgi52k+UxMnF5PLRjKo7TTuNhwfns="}},"U+lV62x4AtGFGWutQkK3emaYUUQausdHCs9RpjOvp2o=":{"valueMac":{"type":"Buffer","data":"pJwyEh296ojw+63ohQ5ihq+yfbxct0FQpqzpM6kYQZE="}},"QikizEdPzz5u2CHRueyaG1LF5sx+Bf+Tey6S9Hpq8ws=":{"valueMac":{"type":"Buffer","data":"RGsVKcoJQAXhzEmBYpcYdrgIdM7gQSZsK9nynN21OvI="}},"ghzmAKc1o17ULW0g0FkyudqHZOBWo3RNTCKI5Z/Q9Gs=":{"valueMac":{"type":"Buffer","data":"4aeEoRDRusLlKx8sHwwOJdevuJBJlTDoLjmVNkQJaLw="}},"rcRVP2TUWHuqTOlLxdI5P8p37amWa6zBy2WnhMwWxQY=":{"valueMac":{"type":"Buffer","data":"jDvOwdBej2V4if3t6Jp7WMuXIWouqzI/NKPAxfqiUbE="}}}}