{"version":4,"hash":{"type":"Buffer","data":"9ml0zCFsGQx79ykzbb9dTUuWrlbP+99V+fffsktYVzNXzIjwJpmIp0aRiq4apN1Zu8m9zoqmq6tMGEz7u9GXDYqmNzQMk4HKzZUzz1K6ek7OKtr0Slf6pfS2nkh5P8raCESgCBHtm/V5Wg2m8Gj6Jbhxie67p20wB/w9EE/x3DA="},"indexValueMap":{"A0XqjY508TZjAtmYE+KRmfphj0V2vrc6flmVe9JH8Qw=":{"valueMac":{"type":"Buffer","data":"twWXAk0dLD3/Fn3SQ5uhPmASobg6aCDKE7FV8M3v040="}},"BU49PiT5+XENjSzCCOJNfERHbqvOkPRX/fOu6GeLK0k=":{"valueMac":{"type":"Buffer","data":"7h2tguECO9CabefwLj/01yM/2cPWn6JDTPiPQ8mshBs="}},"BWgt8f54EacxAhg5CqyQA/lP5af+0oHV6WdtzPMFPek=":{"valueMac":{"type":"Buffer","data":"y3WMRLC5cVskA1X1IFw06Cfs9dZ8c8Btl0GUejpwW1k="}},"C9Jmsa4+tE9PyhYMapphsamptNK/moaZG58aBfA7vk0=":{"valueMac":{"type":"Buffer","data":"jzamKWZzdBxBZ2IIVwNrGiaYXalm8fPpMaEG1Lo7VCg="}},"DxwIxc67v18MN0RDLibekAH7lIuocN3RlwBc8SSjWus=":{"valueMac":{"type":"Buffer","data":"oUcOJOOIIDJpWmv0Xs/KaXoEKAspz1veGiSjxZEa28I="}},"ESEdJFoGBpXkqycDnR2XKoPJyA9Gv/Fbp918IXbjLME=":{"valueMac":{"type":"Buffer","data":"3X7phCfR6w4Pi2LIphprqTwVETMQ+jHMMTTQMkXET8M="}},"FaoOTWF1IhhRWZqtx5ZFRkgsJh4UPC8w4j9aI4lyGRw=":{"valueMac":{"type":"Buffer","data":"lvPYUE3vzhaRdZ9mMuUGqpvgxafUj27uCoTRQ1sFBM8="}},"Fl/GBsMHe4N0z0PrgJhAC4MqLfZKGw+Qs4my4WFiaYw=":{"valueMac":{"type":"Buffer","data":"80ZIRW86MFV4tlErSWczjZzpxDrDln/hhUGXEv/aNDk="}},"HeW9IJ1dMbiI9hj87vvpvABvrGhsZoFD3PCdhgsq3nU=":{"valueMac":{"type":"Buffer","data":"wiYQSWI/ZkI2kyFD/tBpgajBx4MrGJnBOR665ww46uo="}},"IN0nN1iYxJUoUKlNEdmmb3/XcYKNMcucLxWrvig/yLY=":{"valueMac":{"type":"Buffer","data":"duQHoNEKNw5Y1uWyqMAqr9df2V1aPb0jbWQKsEXuEt8="}},"IRSfEuz8ujNgi1D36UktsRIXFXB053z/az6ZDWpg8Nk=":{"valueMac":{"type":"Buffer","data":"1TVE4GXhjPSFHBurWIMZzY/Ap0TczPmNLhoIniDflEg="}},"Ip47BNvBYwZgCe5RgyjwRtK+rv36QEsu00xj1T18AL8=":{"valueMac":{"type":"Buffer","data":"AgJ3lzKmDKh+0sJaPWPNzAmUFVNKtKa0Z30vQmRx9pE="}},"JPxKr+eLZ1yKkCwyE25Jj2B3Tpy4lwmsZ1POmeAnDew=":{"valueMac":{"type":"Buffer","data":"xiMFVPt6kmnSi0SCcTGp8rOUqtwd4Y6xzqBmpLHwfBQ="}},"J5sZJexJYAjW0e5g/gAH4MYLMKl4MdnHMpf0CNn6ODE=":{"valueMac":{"type":"Buffer","data":"8C2txGqjZ7zJlltlvc0gvk06Gx6H1acAv/9KGh/koAg="}},"KPbc1N5VsE4DvkxlFGIMnoIBmrltnV+t3Il5wcvN3NY=":{"valueMac":{"type":"Buffer","data":"4YY2vM1Vir1IXQh4xRU63FIgruN3ccUYJJIIwjq6qkA="}},"KRv1VH5Re9Y1GE31U8AzSBtRCVGVmATr6jj4mZl2+z0=":{"valueMac":{"type":"Buffer","data":"CxmH67PWmvjt3OVYbFaxskvEzC45+potudc0sq1KDyw="}},"LXQXdkIq+pjR+vppunHO7SiVpVWuFqSjGVmNLgvz1T0=":{"valueMac":{"type":"Buffer","data":"O5LjtMo9Q8kxKr4OwK2Kg4Qnvt4KeBFcp97XWkk9jIc="}},"LjQxeArbleAdybGxa3/HoKRPBVqxaRn/NMSbCb+F9Mg=":{"valueMac":{"type":"Buffer","data":"mrKTU6xkxSisMZi6AQkQ0r9TE0pve20ZDvO6L8kHy84="}},"NcWVOCNCFGTdxPyMTTQfYjZwIJXCsf6OVrlX3OT8TFQ=":{"valueMac":{"type":"Buffer","data":"XzA7vkj2JKZQbdIO5bUH7nQ24gX2uJWCHIMUMqEH57o="}},"RLFga80tbCUXLjiKjli/JTRf7aOw/S+/V/UgL+vVEjc=":{"valueMac":{"type":"Buffer","data":"J4UD7PEtKDc0yK+d8+WSj/o1t4YIKLnyZyNrPs+9mao="}},"RM34CrIINKQ3rLyHLst3aBEpQIsG54MydOWXMNvvKOI=":{"valueMac":{"type":"Buffer","data":"NX3VulrHHZ4YfRW6tMA5uHz3uKqLT3qkcgYo1Cp540A="}},"RQmRniUH3Ors2p0Sc9NKMNxQoAh7EppT00dhwRUx/g0=":{"valueMac":{"type":"Buffer","data":"SNGzJ0af0Nl+jcbnKEA8vjTuD+PWwP0NpkgEHRzTZK0="}},"StAWvsiRSUEoq+pLJ3AaBPWlbQRcPPJXZn/mcufzqp4=":{"valueMac":{"type":"Buffer","data":"BUBsxOX8FZPhYjpw3hlU1BKZH8l3hJI4W217dn6Woo0="}},"S67B+zxrW8KVZ18JASJrCVi10FHHgYTE3YdXpmbgefE=":{"valueMac":{"type":"Buffer","data":"iuqdWU35WgP5tdgEh+quSYzHVfXbXj4UxgtMvfbmeno="}},"T+o7BFoKXhcMTNRMJt4ZEOSwaCU0M2VOUnr6a6t0Yo0=":{"valueMac":{"type":"Buffer","data":"SQQD2l73YE4QTBp6354PWLySPlfkZdQI3eUNwLFjv5k="}},"U8Ku2mNM1YHt9MYiy/H+jflD4x6BJrsUfMutsRiW8JI=":{"valueMac":{"type":"Buffer","data":"4wHmuqyMZslwbjb7BQLeS3lTfW+GiFYh2WEI9AWwPEU="}},"VkuYmqNrFzQ1Q78inLCHhFutwj8xrg8DbXcDWj5zR8I=":{"valueMac":{"type":"Buffer","data":"r6swCcsfS1ykvlSCgofHGHe1YRmXKom3ucpBAnOApJ4="}},"VzWYVwM+qC6aT5AM+6oQpdrryYrNfZt/5fxI+O3JZs4=":{"valueMac":{"type":"Buffer","data":"fElCZWZPlBic+sS4fypyuwoDnJWfvAZL1HyWk7nanWY="}},"WLoL1rDt5HdgDzLgXqe1xFjQVvTwrZSCr7aPH4iA22o=":{"valueMac":{"type":"Buffer","data":"0Kj6SJppw8Bp6h7TIZ3xgTjQj4Xc5t7VJxjajBvcdP4="}},"W0NGTgMvd45brFAqPy1nNLYjeBAI9qkNUNgaGgahFcI=":{"valueMac":{"type":"Buffer","data":"YTyfWBw5OG9Zr6pyCSaFcnUfb/bQzE/p9UzRZvDLo0I="}},"XKHtBC2c3rT6EwQ7xbM0frkuPC7WxMgbiE58Jzoe6ag=":{"valueMac":{"type":"Buffer","data":"tyFB6q9AogOUQ5d9dRlsx4nfpxZCiURpv0SgeeaoTuQ="}},"XL/HX1OmJcibDTKyLuZnQ/idymDflRRYOyADFP/RvAs=":{"valueMac":{"type":"Buffer","data":"pKDwIKlCOhbbT/wOFBVSM6Gu1O87DVY9olMXLR7Vs90="}},"XhIcjecWImhEFMEMm6nYLBtV13+FBhXYDerq5NGlKws=":{"valueMac":{"type":"Buffer","data":"9cFf8A7IFPCaOW8ieA/Fbg7YMjqQhKbgsfihkJrH+xA="}},"Xuj0xUyL0ZRaWIqociHNZy81uOII4NkfbnOodz712J4=":{"valueMac":{"type":"Buffer","data":"LjD6VZf2VZRuBvXVFrDxv3cFKHa4VvNidZ4hE/TjkCg="}},"YU4pKBubLUboZkXa8tlZMF/WyALLikSvWC2omslmhRg=":{"valueMac":{"type":"Buffer","data":"9tBEBOKHBQn0ZTpGro/PZdnuuvvi3VglNrmFt2fpyLk="}},"Ys6BIwlzd//70rc49vp00w0KlTR5mtgdAEt8WLiyv+c=":{"valueMac":{"type":"Buffer","data":"R/q4kgOBjOenQonMYGwHj9DV5+4Rz+h9CyoPNhJEsVc="}},"Y6HgPd8W5IaGlliFl7GEI8KOKZ5ezOmb59p4UWDKZ6k=":{"valueMac":{"type":"Buffer","data":"kvxspUTkZbrkNTen9kf7oZYb+U0ET8uhX9+sqgohVO4="}},"Y7cyOVpZlhRjCbbyEdMJx3pehFZoHHTP962urr3WE7A=":{"valueMac":{"type":"Buffer","data":"gV2QR+MdKvcaz335mX2oWvcOtGBbJwgvQhcbh6hLMjU="}},"ZeX6PVu9Gb+/9lHELin1zGg5ca+KbWQBsVw9W6jL3PY=":{"valueMac":{"type":"Buffer","data":"ZI2LwW0bixLM+m7qxrSP4zggczb9/i/S2t9JoigmX/Y="}},"aezAA4UBnc+iACEeecdBSrBwFaL8Rj2ck491JJ39ZPo=":{"valueMac":{"type":"Buffer","data":"jIVWnGP2MTMbn9y5qIVpK3Eu7AKOzz7h2MTKPHaOiPY="}},"alpnxcTNpP2S24LLpaqGgXJn8rh1eyeWRRpP/EzqvM0=":{"valueMac":{"type":"Buffer","data":"4xcGBjxrVMHbi5aofYzERQ18XS6oOPpEBmhzkgaUxIQ="}},"bBuJ6qm93BrlDrihJTfMUZqTmqO1BnhgX0w/swThDAU=":{"valueMac":{"type":"Buffer","data":"Nfhy3z65kTHqPIZfIurozr73efrajGbBCYBfRtv9DXg="}},"bJzLT2+5L1F4L+KhnetnUY8RkzwLU7HYxXCVqjG681w=":{"valueMac":{"type":"Buffer","data":"bgu8eElnM38WBj7710rHTYIVGIjXIMH8k6uyx5LENLg="}},"bd9KEqe0NpR1rIODo8ROyA4TnIaltSSfX/fkNEXu1tU=":{"valueMac":{"type":"Buffer","data":"xSBF+G7lz6aXAC+o67tn+dJN9dx3M8PGtsnElJMZwbo="}},"b+umBExzMFpJHBBaz+KL+LzrbVB22NI1kkUEBLfmhSE=":{"valueMac":{"type":"Buffer","data":"Zgrcji2V+bbiswRAG58BEx6f7UckcL/sfVpnO8BI1Mg="}},"cb0VNLxBjYqggjPgtSZFsYYpzbyKs9HzKVTucCSNBws=":{"valueMac":{"type":"Buffer","data":"LQpd7hS95/tUznm0UMGzZEsj0M11YIyYOHIGJSGhoh8="}},"fTtgmIzztecn/thycvw2J/leLpCbqjaPcw8lwZxeg0M=":{"valueMac":{"type":"Buffer","data":"VuAKz12X35wtVQEdWiVLHUIlHGWHBw9xX1QrLjBiOWQ="}},"gzVgf5KrNnRgpUigd07+ek8ouaXZdIkc8Yzr1xK18UM=":{"valueMac":{"type":"Buffer","data":"2PeXeMVd7jEfanZP2uIVOedUvu0jjb9nJ3vvO/mmiok="}},"hCW5UyeG2orA4ZvIpvgkBM8gqIGQNCvmdsWxuEcPRUI=":{"valueMac":{"type":"Buffer","data":"L3++YuTEXQRU/I+i6YdryWy7Pk9h5iFeR0TLmI3CGSY="}},"iVUWt9MLLioEzZg+K+ek6lSJrhqTROffoXaFle1e2Jg=":{"valueMac":{"type":"Buffer","data":"8i/Vp0+UkG26n/He6T/SRV1EuflvvqTtsh0Mf5lmH8g="}},"ja5BySx49VCXSN/4VqxMGD/O1IyOmp+Fh4/um7MAgOs=":{"valueMac":{"type":"Buffer","data":"VPEjQH2Mbuc5Ya5w4rVEOzgMAQBnLGted8/O8Ivig5E="}},"kOBlWRofm17EgPYrsABtDYKzWL22TEGM7ZaJ8oyj8J4=":{"valueMac":{"type":"Buffer","data":"4w1LmoVZUTyDQ8di0Kf82d/KBawedyCbF1zSVJ+Qeb4="}},"kT7KFiFsB40LyFalM0QmZ8RgbisfQZadtwPCG2qiZkY=":{"valueMac":{"type":"Buffer","data":"qJYuSwzWRdZBtFnQkHSrZt4qZ76S0QAeQ5uaO+SLwr4="}},"nFDWlSesO0SjCyPU5bStM4+wwSYo2VRlr6X3V8R6/4o=":{"valueMac":{"type":"Buffer","data":"o8GNki98YqKcjC/u+VLvUBLLvSS8nKxowGjbOqSHkOI="}},"nfS8P4e3bNGlpHDqNUggAONWLhnLVQDopmHZLm225L0=":{"valueMac":{"type":"Buffer","data":"4XmXNW1JKfSGYWqniBOFA0sBlH/RolK5dR958Di6EYo="}},"n69RBrfKORZ6rAuHyK7bWeuoXuzxQ3gZWl9rafvyYu0=":{"valueMac":{"type":"Buffer","data":"X7oEstb4jsgJB0tagFfcYbdWpuHnXG2qr1pYUSCdlgI="}},"qqKGvXrtuPOJZCE6wt8DyymGo1WVRvTS/Y7TQIU5nyo=":{"valueMac":{"type":"Buffer","data":"qIMTnkf5Ru1yrpcGv97Y5hZ8YQ+FizrhbXW3LVDGtGk="}},"sB+wMbUoL62BnGP4yLXlruTYdGmr1ubLmU0n3y4qgrM=":{"valueMac":{"type":"Buffer","data":"XVqXnnCyqlppZHvXffUDBt1trWjDC74jHmj3iozBJDE="}},"s25zPiMcCDf4TeQrlv9i6ZHgCBppxr5h+DoLpTUTfzs=":{"valueMac":{"type":"Buffer","data":"BHHEqzjTNOYhIPjmIJHY1afLT5olvlDiZRTzmnV7h6U="}},"tpaEdk26cLwIuyeitw8xHfCfr7UBqF4HwLu6tMkGBbo=":{"valueMac":{"type":"Buffer","data":"n0tFoL5px9Zzc6nH5Yrn6tgEXCUq/Fc7H/TE8DfAaKc="}},"vN5P/qBwU+5gnAfy1OH/J2AvALPirlSYmips9yc/JhE=":{"valueMac":{"type":"Buffer","data":"CLFZlfJ524uv97vTMUCRyNa5nCcKam1/aU6yzhdHSxU="}},"vV2DUeiU3o7T6ruc05tEu6llqI1gBokD6ad0s0KdQmU=":{"valueMac":{"type":"Buffer","data":"BNXBn1zOoWiWZpTmViJ6PzAHGMJ52AHOVYNTSCzo/uI="}},"zXd3PBgiswaZIO+Ziqk2GHkBjl5FebCXiVpCpJSZ97U=":{"valueMac":{"type":"Buffer","data":"2vx3a9Pvh9oNKxWuenSNKcJWJMOCMK3Ey+ABzjRcUcQ="}},"zrSCCsFVSgn7yGJhFmMKGXC9xEBaE2jSVm//Qz6NU6M=":{"valueMac":{"type":"Buffer","data":"SE3feXVsJzesAHZW+NPNSEryzdQy5VMl5LuXrU77MNU="}},"0iBQDH0TFfhGPSH5KQlhEc2LEry5pq1B/yCIaXF+uqA=":{"valueMac":{"type":"Buffer","data":"2k7lah1sP9NzC11bgaNlM1b/z+Px8QjPA7200JDRQBE="}},"0urOJR3XKy9H4unY2k/50YinNs2Uo2j/aowHWcYrzDY=":{"valueMac":{"type":"Buffer","data":"nu1AOy/fATO2jvh+G++tFTAfRm+Da0Cr8wetiZ4xd5c="}},"1DvDaNrYOe1U5Gh12Jr+mfOBRsNornFXAgFbyElerEg=":{"valueMac":{"type":"Buffer","data":"6rR41UkaFXah0jgFLEGRv4H8rDMYmGqwuEf1szzx2Q8="}},"1QDRTf63tXciyHqrWTcsCFtRwvSOykandXsHri1WQms=":{"valueMac":{"type":"Buffer","data":"zvLAK/hfd2pD2TKt/wxafglMyWI+jNCXLpPm582z2Ao="}},"1ozT9pI94YNhjvitX2Vf7OtZ5vYlzXs1UrJ2VuZ3SG0=":{"valueMac":{"type":"Buffer","data":"1cpOm+I+CEHBjClhhwE2np4xeTHvrdkWiievbkp6fvM="}},"18/JGd5ELydnKVdTBm2rb9Wv31VPukCaAHEhIDlWTkU=":{"valueMac":{"type":"Buffer","data":"GvniHoYT06udvWTqDc+RMHVvqNT0KbH/hclbfRyRMis="}},"3HMMUkFOtQDSaZUBCxdowZN8fJd2ReYHcQpY0G+nVx4=":{"valueMac":{"type":"Buffer","data":"dOyLlNp5EJPbGISQ9JneNnY3zvT1WwT7lpwrI3HOaWY="}},"4YgoW1EzBXfP2g2yXLps9Jj/QQ/kj/Jq9iXKTBb2Tm0=":{"valueMac":{"type":"Buffer","data":"PwXVVAxPavnUgp1S6NH0aT2Jlt4xty9HnI7P4wmpJJM="}},"4l3zqlHHvYy5CEG4CRAWE3etXJCWQ1CPXtfC6zknzDc=":{"valueMac":{"type":"Buffer","data":"PGkB8UjXPcKeHXI5/ojCLjLhRGORiLGy5w3gQwZ7tOc="}},"7TrN49B0dX5xXm8NIwAEBBstDmDOz7fb8Zs+/FK7HA8=":{"valueMac":{"type":"Buffer","data":"h3ZJJ2B5g8RGnGlcqBJQwOEcXkf7hzNQrxiYw0QwZJI="}},"8FwO4wCblwZaC7iBYbKL6fm2n8QARTVK02ckrgxZNL8=":{"valueMac":{"type":"Buffer","data":"sq1XmCa64nGbOI18da88rrAaDbmmpLtOPD82NM8E40Q="}},"8b6CNCHNcWq4jsOpDV1fy8Q+uw+5mJBmT39svtWS2lQ=":{"valueMac":{"type":"Buffer","data":"pxGepNQz9uNmpkO0QHAZXLKqQhvPwXh0q1v3A/alRnY="}},"8sim1ayipRILZbJJ7nDa+KHcNa+WLybBsShPOgU/E7I=":{"valueMac":{"type":"Buffer","data":"TRWHyuLcmXtV5rwlHxS3jQsrDpqoPL4qXQP0H9QLRGo="}},"9CDupd/iXxvGqB5gGCs5q71lWTQJ84EoedceIw6aqw0=":{"valueMac":{"type":"Buffer","data":"RJv1oBsca48ycUatJ5VO95TGoQ+3SODKCMV8gpERP9s="}},"+TXRB6Rzs6wP7CXZBGZVfKb189qL7k8uSN0SSJi5Hcg=":{"valueMac":{"type":"Buffer","data":"lltehhMOGXY9HPvY1DINuNsVxDUnKMExNoatN217dVk="}},"+rt/4sMLwZ1eGOm570GiJvr+b0lLatj3QShyuKblAbQ=":{"valueMac":{"type":"Buffer","data":"CoIJqhi0qwYeXiTqGhUUWMXkqTZBcDbdEzY93SP2hjw="}},"/9dLnwPUX+yFg6QP8uxZ151S4BxgW06n0i2NuL+2vUI=":{"valueMac":{"type":"Buffer","data":"QY9gJVugRMT0wPFJVeew5L+chGyCAS1q0KeSyFZ+5o0="}},"LcM6aq3TLka3jkrHW94h9YWBOwMR0U+lsAU7+Gzj+a8=":{"valueMac":{"type":"Buffer","data":"0zg8Ukm1SfXCoCYKf/9suVtUaxqIBb4z5W4VhNmXe6E="}}}}