{"noiseKey":{"private":{"type":"Buffer","data":"uH+eBTRx8wq4T2zd0QLo2bQMg9nSWERyw/3I0Z8chkk="},"public":{"type":"Buffer","data":"OnxC7Y1P00nfaw0iRK6Qbg4uQGfLlZWDdoCP8nsWdTs="}},"pairingEphemeralKeyPair":{"private":{"type":"Buffer","data":"KHV1XTLP6ZwQEgr65eqBiH1cFWGlsMJMLqdwcQ4djnY="},"public":{"type":"Buffer","data":"wXPwEVX8ZfFfa0w7Q8kuzRKcSFl434MS1NBR9ltMzEA="}},"signedIdentityKey":{"private":{"type":"Buffer","data":"wNyT8n9Ayb9DlfJ6Gkbv1lCikqkF93pWyeFaCm0JimU="},"public":{"type":"Buffer","data":"xB5DMM5emvdqYDUMrxwiRlHYtLl5iG1Dm/eTahKnfHo="}},"signedPreKey":{"keyPair":{"private":{"type":"Buffer","data":"6BsJSWl9OSBNg8kkGTdzR/byeMMxxqwyioMd2SpR/FU="},"public":{"type":"Buffer","data":"AyPdn6TWn7BCjgb0O1lbMAPv9dX0L0ec1YLM2CTM1QY="}},"signature":{"type":"Buffer","data":"ztmqMQytjMkBMzuVeUq454E55+iENdbUw0D2Y8LJEnYXuPVY3KHdrYpIiTqc+sxASc53VX50P1CFn0Nsefaehw=="},"keyId":1},"registrationId":177,"advSecretKey":"RLAiS/nQprwkt/SRxkRD4ZYEozFrzqQlugF/VuMWYLE=","processedHistoryMessages":[{"key":{"remoteJid":"441234923599@s.whatsapp.net","fromMe":true,"id":"3AFCC42ADFD70872C4F7"},"messageTimestamp":1731326223},{"key":{"remoteJid":"441234923599@s.whatsapp.net","fromMe":true,"id":"3A53CD6DACBB9F9F7D14"},"messageTimestamp":1731326232},{"key":{"remoteJid":"441234923599@s.whatsapp.net","fromMe":true,"id":"3A406AFC080F16EF5733"},"messageTimestamp":1731326245}],"nextPreKeyId":31,"firstUnuploadedPreKeyId":31,"accountSyncCounter":1,"accountSettings":{"unarchiveChats":false},"deviceId":"kC1WbirmQsq2AzUEt0ZpTw","phoneId":"4288be43-8b47-409e-8c70-49ca287138b5","identityId":{"type":"Buffer","data":"4Sb5E99sCzl9Ybdc9ZZz4LuHwTk="},"registered":true,"backupToken":{"type":"Buffer","data":"eD48JXSH/pCmZfmEv1SRsgmRXQw="},"registration":{},"pairingCode":"YM3RWWFH","me":{"id":"441234923599:8@s.whatsapp.net","name":"ManzX666","lid":"12004886597840:8@lid"},"account":{"details":"CKWvysAKEIjix7kGGAQgACgA","accountSignatureKey":"9isaJzgRde3wvhuxEIgM/1/Gr64yCzRMxwwQI1NLHDE=","accountSignature":"nxjSp1Bbj5cHUtH0tfJ+HSWzA4Uolt5NJ5NNMN39CAZCg8GGfojcotxaHXN8mPAxnsAw9UJFecfD8IfANPJmjQ==","deviceSignature":"ajgxrVOxx2whvZ7BqAdob8+j2VsCvUCbnG6owQbIQBZ5x8esqx1i6vOpyGljkrtbtDHdS/HEa4Xcv1+Zavj8iw=="},"signalIdentities":[{"identifier":{"name":"441234923599:8@s.whatsapp.net","deviceId":0},"identifierKey":{"type":"Buffer","data":"BfYrGic4EXXt8L4bsRCIDP9fxq+uMgs0TMcMECNTSxwx"}}],"platform":"smbi","lastAccountSyncTimestamp":1731326221,"myAppStateKeyId":"AAAAAPst"}