{"_sessions":{"BUeyvE0GYbZ3vDxHSq0qxs8dPjPWB4fz/I2qI4eaC9cL":{"registrationId":809697195,"currentRatchet":{"ephemeralKeyPair":{"pubKey":"Bd8Xnaj/UDXOFDZOjymvewDcaBshL9Nbv7KpjRufYBMx","privKey":"qG48DI/EU35Is1g3z6SeDueVhpH4TDeunO13id3y2Gg="},"lastRemoteEphemeralKey":"BXFFJvDL9/kgdvaXFQRYRStfIw/kUyOH3W/2KRx/ZgJv","previousCounter":0,"rootKey":"h9lD1i91cptK2GWbjNmLwCEfUweS5pGz5qqmOyv4nOg="},"indexInfo":{"baseKey":"BUeyvE0GYbZ3vDxHSq0qxs8dPjPWB4fz/I2qI4eaC9cL","baseKeyType":2,"closed":-1,"used":1731326223101,"created":1731326223101,"remoteIdentityKey":"BfYrGic4EXXt8L4bsRCIDP9fxq+uMgs0TMcMECNTSxwx"},"_chains":{"BXFFJvDL9/kgdvaXFQRYRStfIw/kUyOH3W/2KRx/ZgJv":{"chainKey":{"counter":6,"key":"WI7u/L7A6H1j2zxL6bdmnGEiKJBX1iIaWmp0IF1S1Z8="},"chainType":2,"messageKeys":{}},"Bd8Xnaj/UDXOFDZOjymvewDcaBshL9Nbv7KpjRufYBMx":{"chainKey":{"counter":-1,"key":"bANfpThVuQ6nw8XcxNjRJaFKWAHcdOx7n90iSKhxbOc="},"chainType":1,"messageKeys":{}}}}},"version":"v1"}